<?xml version="1.0" encoding="utf-8"?>
<playlist version="1" xmlns="http://xspf.org/ns/0/">
	<trackList>

		<track>
			<title>DBKO 01</title>
			<creator>Crash</creator>
			<location>1.JPG</location>
			<info>http://dbko.net</info>
		</track>
<track>
			<title>DBKO 02</title>
			<creator>Crash</creator>
			<location>2.JPG</location>
			<info>http://dbko.net</info>
		</track>
<track>
			<title>DBKO 03</title>
			<creator>Crash</creator>
			<location>3.JPG</location>
			<info>http://dbko.net</info>
		</track>
<track>
			<title>DBKO 04</title>
			<creator>Crash</creator>
			<location>4.JPG</location>
			<info>http://dbko.net</info>
		</track>
<track>
			<title>DBKO 05</title>
			<creator>Crash</creator>
			<location>5.JPG</location>
			<info>http://dbko.net</info>
		</track>

<track>
			<title>DBKO 06</title>
			<creator>Crash</creator>
			<location>6.PNG</location>
			<info>http://dbko.net</info>
		</track>
<track>
			<title>DBKO 07</title>
			<creator>Crash</creator>
			<location>7.JPG</location>
			<info>http://dbko.net</info>
		</track>
<track>
			<title>DBKO 08</title>
			<creator>Crash</creator>
			<location>8.JPG</location>
			<info>http://dbko.net</info>
		</track>
<track>
			<title>DBKO 09</title>
			<creator>Crash</creator>
			<location>9.JPG</location>
			<info>http://dbko.net</info>
		</track>

<track>
			<title>DBKO 10</title>
			<creator>Crash</creator>
			<location>10.PNG</location>
			<info>http://dbko.net</info>
		</track>
<track>
			<title>DBKO 11</title>
			<creator>Crash</creator>
			<location>11.PNG</location>
			<info>http://dbko.net</info>
		</track>
<track>
			<title>DBKO 12</title>
			<creator>Crash</creator>
			<location>12.PNG</location>
			<info>http://dbko.net</info>
		</track>
<track>
			<title>DBKO 13</title>
			<creator>Crash</creator>
			<location>13.PNG</location>
			<info>http://dbko.net</info>
		</track>
<track>
			<title>DBKO 14</title>
			<creator>Crash</creator>
			<location>14.PNG</location>
			<info>http://dbko.net</info>
		</track>
<track>
			<title>DBKO 15</title>
			<creator>Crash</creator>
			<location>15.PNG</location>
			<info>http://dbko.net</info>
		</track>
<track>
			<title>DBKO 16</title>
			<creator>Crash</creator>
			<location>16.PNG</location>
			<info>http://dbko.net</info>
		</track>
<track>
			<title>DBKO 17</title>
			<creator>Crash</creator>
			<location>17.PNG</location>
			<info>http://dbko.net</info>
		</track>
<track>
			<title>DBKO 18</title>
			<creator>Crash</creator>
			<location>18.PNG</location>
			<info>http://dbko.net</info>
		</track>
<track>
			<title>DBKO 19</title>
			<creator>Crash</creator>
			<location>19.PNG</location>
			<info>http://dbko.net</info>
		</track>
<track>
			<title>DBKO 20</title>
			<creator>Crash</creator>
			<location>20.PNG</location>
			<info>http://dbko.net</info>
		</track>
<track>
			<title>DBKO 21</title>
			<creator>Crash</creator>
			<location>21.PNG</location>
			<info>http://dbko.net</info>
		</track>
<track>
			<title>DBKO 22</title>
			<creator>Crash</creator>
			<location>22.PNG</location>
			<info>http://dbko.net</info>
		</track>
	</trackList>
</playlist>